id;nom;prenom;coordonnees;numero_rue;rue;code_postal;ville
1;invoice;experiences;Games Bahraini Dinar Movies;18411;Lilangeni Organized;Direct;payment Auto Loan Account FTP
2;Kwacha optimal;Licensed Incredible Soft Computer Avon;support strategy;85699;haptic system engine;Berkshire Engineer real-time;knowledge base background Creative
3;Kuwaiti Dinar Tactics;Dominican Peso Technician;interface algorithm indexing;94776;Money Market Account cross-media out-of-the-box;monitoring;Brazilian Real input Persistent
4;Central;Games;didactic benchmark Handmade;17219;Cotton overriding Branding;Borders Bacon Square;bottom-line grey navigating
5;Technician sticky;Baby redefine alarm;Cheese Public-key;40481;Tasty Fresh Chips Computers;Indonesia navigating;backing up Legacy
6;function Berkshire;Wall;Multi-layered deposit Reduced;7094;Auto Loan Account;USB Oklahoma 1080p;Industrial
7;District Licensed multi-byte;copying Refined Cotton Ball compressing;Industrial;74056;Concrete Director;solid state Total;bypassing
8;Sleek Direct;North Carolina 5th generation;Surinam Dollar synthesizing SQL;65955;Computer;Pakistan Customer;Intelligent Frozen Car process improvement payment
9;United Arab Emirates virtual Rustic;Markets;Pants Checking Account drive;80618;Balboa US Dollar;AI task-force cross-platform;overriding Solutions Kyrgyz Republic
10;Branding Russian Ruble;panel;Administrator Iceland solid state;98810;streamline port;frictionless Response functionalities;New Zealand Dollar Borders Bahamian Dollar
